model,accuracy,precision,recall,f1,auc,sensitivity,specificity,threshold
RandomForest,0.5510204081632653,0.7482142857142857,0.5198511166253101,0.6134699853587116,0.5852491449265642,0.5198511166246652,0.6189189189172462,0.5740000000000001
XGBoost,0.5994897959183674,0.7230359520639148,0.673697270471464,0.697495183044316,0.5957682248004829,0.6736972704706282,0.43783783783665453,0.48000000000000004
LightGBM,0.608843537414966,0.7189873417721518,0.7047146401985112,0.7117794486215538,0.5930051639729059,0.7047146401976369,0.39999999999891894,0.47000000000000003
